driverId,driverNumber,driverCode,driverUrl,givenName,familyName,dateOfBirth,driverNationality
albon,23,ALB,http://en.wikipedia.org/wiki/Alexander_Albon,Alexander,Albon,1996-03-23,Thai
alonso,14,ALO,http://en.wikipedia.org/wiki/Fernando_Alonso,Fernando,Alonso,1981-07-29,Spanish
antonelli,12,ANT,https://en.wikipedia.org/wiki/Andrea_Kimi_Antonelli,Andrea Kimi,Antonelli,2006-08-25,Italian
bearman,87,BEA,http://en.wikipedia.org/wiki/Oliver_Bearman,Oliver,Bearman,2005-05-08,British
bortoleto,5,BOR,https://en.wikipedia.org/wiki/Gabriel_Bortoleto,Gabriel,Bortoleto,2004-10-14,Brazilian
colapinto,43,COL,http://en.wikipedia.org/wiki/Franco_Colapinto,Franco,Colapinto,2003-05-27,Argentine
doohan,7,DOO,http://en.wikipedia.org/wiki/Jack_Doohan,Jack,Doohan,2003-01-20,Australian
gasly,10,GAS,http://en.wikipedia.org/wiki/Pierre_Gasly,Pierre,Gasly,1996-02-07,French
hadjar,6,HAD,https://en.wikipedia.org/wiki/Isack_Hadjar,Isack,Hadjar,2004-09-28,French
hamilton,44,HAM,http://en.wikipedia.org/wiki/Lewis_Hamilton,Lewis,Hamilton,1985-01-07,British
hulkenberg,27,HUL,http://en.wikipedia.org/wiki/Nico_H%C3%BClkenberg,Nico,Hülkenberg,1987-08-19,German
lawson,30,LAW,http://en.wikipedia.org/wiki/Liam_Lawson,Liam,Lawson,2002-02-11,New Zealander
leclerc,16,LEC,http://en.wikipedia.org/wiki/Charles_Leclerc,Charles,Leclerc,1997-10-16,Monegasque
norris,4,NOR,http://en.wikipedia.org/wiki/Lando_Norris,Lando,Norris,1999-11-13,British
ocon,31,OCO,http://en.wikipedia.org/wiki/Esteban_Ocon,Esteban,Ocon,1996-09-17,French
piastri,81,PIA,http://en.wikipedia.org/wiki/Oscar_Piastri,Oscar,Piastri,2001-04-06,Australian
russell,63,RUS,http://en.wikipedia.org/wiki/George_Russell_(racing_driver),George,Russell,1998-02-15,British
sainz,55,SAI,http://en.wikipedia.org/wiki/Carlos_Sainz_Jr.,Carlos,Sainz,1994-09-01,Spanish
stroll,18,STR,http://en.wikipedia.org/wiki/Lance_Stroll,Lance,Stroll,1998-10-29,Canadian
tsunoda,22,TSU,http://en.wikipedia.org/wiki/Yuki_Tsunoda,Yuki,Tsunoda,2000-05-11,Japanese
max_verstappen,33,VER,http://en.wikipedia.org/wiki/Max_Verstappen,Max,Verstappen,1997-09-30,Dutch
